Country,Latitude,Longitude,NOC
Afghanistan,33.7680065,66.2385139,AFG
Albania,41.000028,19.9999619,ALB
Algeria,28.0000272,2.9999825,ALG
Andorra,42.5407167,1.5732033,AND
Angola,-11.8775768,17.5691241,ANG
Antigua and Barbuda,17.2234721,-61.9554608,ANT
Argentina,-34.9964963,-64.9672817,ARG
Armenia,40.7696272,44.6736646,ARM
Australia,-24.7761086,134.755,AUS
Austria,47.2000338,13.199959,AUT
Azerbaijan,40.3936294,47.7872508,AZE
Bahamas,24.7736546,-78.0000547,BAH
Bahrain,26.1551249,50.5344606,BRN
Bangladesh,24.4768783,90.2932426,BAN
Barbados,13.1500331,-59.5250305,BAR
Belarus,53.4250605,27.6971358,BLR
Belgium,50.6402809,4.6667145,BEL
Belize,16.8259793,-88.7600927,BIZ
Benin,9.5293472,2.2584408,BEN
Bhutan,27.549511,90.5119273,BHU
Bolivia,-17.0568696,-64.9912286,BOL
Bosnia and Herzegovina,44.3053476,17.5961467,BIH
Botswana,-23.1681782,24.5928742,BOT
Brazil,-10.3333333,-53.2,BRA
Brunei,4.4137155,114.5653908,BRU
Bulgaria,42.6073975,25.4856617,BUL
Burkina Faso,12.0753083,-1.6880314,BUR
Myanmar,17.1750495,95.9999652,MYA
Burundi,-3.3634357,29.8870575,BDI
Cape Verde,16.0000552,-24.0083947,CPV
Cambodia,13.5066394,104.869423,CAM
Cameroon,4.6125522,13.1535811,CMR
Canada,61.0666922,-107.9917071,CAN
Central African Republic,7.0323598,19.9981227,CAF
Chad,15.6134137,19.0156172,CHA
Chile,-31.7613365,-71.3187697,CHI
China,35.000074,104.999927,CHN
Colombia,2.8894434,-73.783892,COL
Congo (Brazzaville),-0.7264327,15.6419155,CGO
Congo (Kinshasa),-2.9814344,23.8222636,COD
Costa Rica,10.2735633,-84.0739102,CRC
Cote d'Ivoire,7.9897371,-5.5679458,CIV
Croatia,45.5643442,17.0118954,CRO
Cuba,23.0131338,-80.8328748,CUB
Cyprus,34.9823018,33.1451285,CYP
Czech Republic,49.8167003,15.4749544,CZE
Denmark,55.670249,10.3333283,DEN
Djibouti,11.8145966,42.8453061,DJI
Dominica,19.0974031,-70.3028026,DMA
Dominican Republic,19.0974031,-70.3028026,DOM
Ecuador,-1.3397668,-79.3666965,ECU
Egypt,26.2540493,29.2675469,EGY
El Salvador,13.8000382,-88.9140683,ESA
Equatorial Guinea,1.613172,10.5170357,GEQ
Eritrea,15.9500319,37.9999668,ERI
Estonia,58.7523778,25.3319078,EST
Swaziland,-26.5624806,31.3991317,SWZ
Ethiopia,10.2116702,38.6521203,ETH
Fiji,-18.1239696,179.0122737,FIJ
Finland,63.2467777,25.9209164,FIN
France,46.603354,1.8883335,FRA
Gabon,-0.8999695,11.6899699,GAB
Gambia,13.470062,-15.4900464,GAM
Georgia,32.3293809,-83.1137366,GEO
Germany,51.0834196,10.4234469,GER
Ghana,8.0300284,-1.0800271,GHA
Greece,38.9953683,21.9877132,GRE
Grenada,12.1360374,-61.6904045,GRN
Guatemala,15.6356088,-89.8988087,GUA
Guinea,10.7226226,-10.7083587,GUI
Guinea-Bissau,12.100035,-14.9000214,GBS
Guyana,4.8417097,-58.6416891,GUY
Haiti,19.1399952,-72.3570972,HAI
Honduras,15.2572432,-86.0755145,HON
Hungary,47.1817585,19.5060937,HUN
Iceland,64.9841821,-18.1059013,ISL
India,22.3511148,78.6677428,IND
Indonesia,-2.4833826,117.8902853,INA
Iran,32.6475314,54.5643516,IRI
Iraq,33.0955793,44.1749775,IRQ
Ireland,52.865196,-7.9794599,IRL
Israel,31.5313113,34.8667654,ISR
Italy,42.6384261,12.674297,ITA
Jamaica,18.1152958,-77.15984546,JAM
Japan,36.5748441,139.2394179,JPN
Jordan,31.1667049,36.941628,JOR
Kazakhstan,47.2286086,65.2093197,KAZ
Kenya,1.4419683,38.4313975,KEN
South Korea,35.7724185,127.7965435,KOR
Kosovo,42.5869578,20.9021231,KOS
Kuwait,29.2733964,47.4979476,KUW
Kyrgyzstan,41.5089324,74.724091,KGZ
Laos,20.0171109,103.378253,LAO
Latvia,56.8406494,24.7537645,LAT
Lebanon,33.8750629,35.843409,LIB
Liberia,5.7499721,-9.3658524,LBR
Libya,26.8234472,18.1236723,LBA
Liechtenstein,47.1416307,9.5531527,LIE
Lithuania,55.3500003,23.7499997,LTU
Luxembourg,49.8158683,6.1296751,LUX
Madagascar,-18.9249604,46.4416422,MAD
Malawi,-13.2687204,33.9301963,MAW
Malaysia,4.5693754,102.2656823,MAS
Maldives,4.7064352,73.3287853,MDV
Mali,16.3700359,-2.2900239,MLI
Malta,35.8885993,14.4476911,MLT
Mauritania,20.2540382,-9.2399263,MTN
Mauritius,-20.2759451,57.5703566,MRI
Mexico,19.4326296,-99.1331785,MEX
Moldova,47.2879608,28.5670941,MDA
Monaco,43.7323492,7.4276832,MON
Mongolia,46.8250388,103.8499736,MGL
Montenegro,42.9868853,19.5180992,MNE
Morocco,31.1728205,-7.3362482,MAR
Mozambique,-19.302233,34.9144977,MOZ
Namibia,-23.2335499,17.3231107,NAM
Nepal,28.1083929,84.0917139,NEP
Netherlands,52.5001698,5.7480821,NED
New Zealand,-41.5000831,172.8344077,NZL
Nicaragua,12.6090157,-85.2936911,NCA
Niger,17.7356214,9.3238432,NIG
Nigeria,9.6000359,7.9999721,NGR
North Macedonia,41.6171214,21.7168387,MKD
Norway,64.5731537,11.52803644,NOR
Oman,21.0000287,57.0036901,OMA
Pakistan,30.3308401,71.247499,PAK
Panama,8.559559,-81.1308434,PAN
Papua New Guinea,-5.6816069,144.2489081,PNG
Paraguay,-23.3165935,-58.1693445,PAR
Peru,-6.8699697,-75.0458515,PER
Philippines,12.7503486,122.7312101,PHI
Poland,52.215933,19.134422,POL
Portugal,40.0332629,-7.8896263,POR
Qatar,25.3336984,51.2295295,QAT
Romania,45.9852129,24.6859225,ROU
Russia,64.6863136,97.7453061,RUS
Rwanda,-1.9646631,30.0644358,RWA
Saint Kitts and Nevis,17.250512,-62.6725973,SKN
Saint Lucia,13.8250489,-60.975036,LCA
Saint Vincent and the Grenadines,12.90447,-61.2765569,VIN
San Marino,43.9458623,12.458306,SMR
Sao Tome and Principe,0.8875498,6.9648718,STP
Saudi Arabia,25.6242618,42.3528328,KSA
Senegal,14.4750607,-14.4529612,SEN
Serbia,44.02432285,21.07657433,SRB
Seychelles,-4.6574977,55.4540146,SEY
Sierra Leone,8.6400349,-11.8400269,SLE
Singapore,1.357107,103.8194992,SGP
Slovakia,48.7411522,19.4528646,SVK
Slovenia,45.8133113,14.4808369,SLO
Somalia,8.3676771,49.083416,SOM
South Africa,-28.8166236,24.991639,RSA
South Sudan,7.8699431,29.6667897,SSD
Spain,39.3262345,-4.8380649,ESP
Sri Lanka,7.5554942,80.7137847,SRI
Sudan,14.5844444,29.4917691,SUD
Suriname,4.1413025,-56.0771187,SUR
Sweden,59.6749712,14.5208584,SWE
Switzerland,46.7985624,8.2319736,SUI
Syria,34.6401861,39.0494106,SYR
Taiwan,23.9739374,120.9820179,TPE
Tanzania,-6.5247123,35.7878438,TAN
Thailand,14.8971921,100.83273,THA
Timor Leste,-8.5151979,125.8375756,TLS
Togo,8.7800265,1.0199765,TOG
Trinidad and Tobago,10.8677845,-60.9821067,TTO
Tunisia,33.8439408,9.400138,TUN
Turkey,38.9597594,34.9249653,TUR
United States of America,39.7837304,-100.4458825,USA
Uganda,1.5333554,32.2166578,UGA
Ukraine,49.4871968,31.2718321,UKR
United Arab Emirates,24.0002488,53.9994829,UAE
United Kingdom,54.7023545,-3.2765753,GBR
Uruguay,-32.8755548,-56.0201525,URU
Uzbekistan,41.32373,63.9528098,UZB
Venezuela,8.0018709,-66.1109318,VEN
Vietnam,13.2904027,108.4265113,VIE
West Bank and Gaza,31.4331663,34.3779285,PLE
Zambia,-14.5186239,27.5599164,ZAM
Zimbabwe,-18.4554963,29.7468414,ZIM
